{
    "HELLO": {
        "finger_states": [
            0,
            1,
            1,
            1,
            1
        ],
        "distances": {
            "thumb_index": 0.7446817687342252,
            "thumb_middle": 1.0302660104631254,
            "thumb_ring": 1.0376508240891227,
            "thumb_pinky": 1.0057002373645068,
            "index_middle": 0.31555422947709394,
            "middle_ring": 0.15969917237733264,
            "ring_pinky": 0.3098634159885778
        },
        "handedness": "Right"
    },
    "THUMBS UP": {
        "finger_states": [
            1,
            0,
            0,
            0,
            0
        ],
        "distances": {
            "thumb_index": 1.392614455121236,
            "thumb_middle": 1.7027415424633452,
            "thumb_ring": 2.027106133933169,
            "thumb_pinky": 2.3257806008637765,
            "index_middle": 0.3155001178344202,
            "middle_ring": 0.3256490226883961,
            "ring_pinky": 0.2991072216658216
        },
        "handedness": "Right"
    },
    "VICTORY": {
        "finger_states": [
            0,
            1,
            1,
            0,
            0
        ],
        "distances": {
            "thumb_index": 1.3683933136118502,
            "thumb_middle": 1.677036614862446,
            "thumb_ring": 0.1472549822184483,
            "thumb_pinky": 0.3322788664799913,
            "index_middle": 0.585540763188573,
            "middle_ring": 1.8238452298236516,
            "ring_pinky": 0.1927013879583751
        },
        "handedness": "Right"
    }
}